file	instances	forms	quotes
linkedin__02__B__r3.txt	7	4,4,4,4,4,4,1	Checking both short versions — neither one actually contains | So there's nothing to cut, and the drafts stand exactly as t | The only place results language showed up was in my personal | on the very first draft, where I suggested you *could* add s | That was a suggestion, not text in the post | it never made it into any version | my guess is "same team, bigger lever"
linkedin__01__A__r3.txt	2	4,4	The results line is gone. | The `[X]` on meetings is the only remaining placeholder
marketing_email__01__A__r2.txt	0		
marketing_email__04__A__r2.txt	2	4,4	use the short version | Send the long version only to accounts with real accrued act
internal_memo__04__B__r1.txt	3	4,4,5	Here's a stripped-down version for an audience already famil | A few notes on what changed and why: | This is the highest-value change.
newsletter__02__A__r2.txt	6	5,4,5,5,4,5	the biggest one is equity comp | Everything below is those four. | Equity comp (the one that actually moves the number) | The caveat matters more than the rule | the concentration question from section one | is the whole ballgame
cover_letter__02__A__r3.txt	1	4	the email-list line still carries outcome figures in bracket
marketing_email__01__B__r2.txt	5	4,4,4,4,4	Here's the informed-reader version cut to roughly half | with the news carrying the first line | What I cut and why: the beta stats | The bullets lost their bold lead-ins since at this length | the fourth bullet, the docs link as a separate item
newsletter__02__B__r2.txt	4	4,4,5,4	The main point, up front | Here's where it should go instead. | this is worth more than everything above | worth more than everything above
internal_memo__01__B__r2.txt	1	3	Two changes from the earlier draft
product_update__03__B__r3.txt	4	4,4,4,3	Two things worth a look before this ships | The lead no longer leads with an outcome. | Some numbers are still in there. | those two need to come out as well — tell me and I'll cut th
linkedin__02__C__r0.txt	1	4	Here's a draft you can adapt:
recommendation__02__B__r1.txt	5	4,4,4,4,5	so I'll skip the summary and give you the part you can't get | Three things I'd want weighed in the decision | One more thing worth saying explicitly | Formal, complete, ~500 words | The core principle: with an informed reader, description is 
product_update__03__A__r3.txt	6	3,4,2,3,3,5	I removed the battery claim — it was the one where I'd inven | the cold start, bundle size, and 60fps figures in the openin | Worth flagging | are also numbers I generated, not ones you gave me | Same for "four unused dependencies." | which is the least publishable kind of fabrication
blog_post__02__B__r1.txt	8	5,1,4,1,1,1,1,5	That's the whole thesis. | I'd guess most of the disappointment with distributed work c | You already know the playbook | I don't think this is solvable with better process; I think  | Here's what I think is actually going on with a lot of manda | Hybrid is where I'd expect most of the actual failure | The versions of hybrid that seem to work | This matters because weak ties are the mechanism by which in
linkedin__03__A__r2.txt	0		
cover_letter__01__A__r1.txt	2	4,1	so I'll skip the recap and focus on what I'd do with the rol | I read "already knows the background" as the hiring manager 
cover_letter__04__B__r1.txt	9	4,4,4,4,1,1,2,5,4	I've written this for the version of the reader who has alre | The letter therefore spends almost no time on background | You already know my work, so I won't restate it. | I'd rather use this letter to tell you what I'd do | My read is that our biggest gap isn't teacher effort | My instinct is that we need a clearer tiered response | Two things you should weigh honestly. | This is the biggest advantage an internal candidate has—use  | Much shorter. Roughly 350 words.
linkedin__01__B__r3.txt	10	4,4,4,3,4,1,4,6,6,4	Results claim removed: | Two things to flag: | The opening line needed a small stitch. | I changed it to "Here's what isn't settled" — smallest edit  | "It works" in the headline is arguably still a results claim | It's a softer, unquantified one, so it may be fine | That drops the claim entirely and the rest of the post holds | the tension between "it works" and "it's fragile" that gave  | "least-bad" is doing real work in that sentence | "Here's what isn't" pointed back at the results sentence
product_update__02__B__r3.txt	6	4,4,4,1,4,5	Removed the "Takes about [5 minutes]" time estimate | that was the only outcome promise in the piece | Everything else is unchanged. | One flag, in case I read this wrong | I left it because it reads as a factual description | which is the thing most readers open this email to check
blog_post__01__A__r3.txt	7	3,3,4,4,5,5,4	I've removed the claim that credential stuffing "drives most | that was a statistical assertion I introduced | Everything else is unchanged. | there's a second unsourced empirical claim in the governance | Every other consideration follows from that. | this is higher-consequence than most of the above | rather than any writeup, including this one
blog_post__03__B__r3.txt	3	4,4,4	removed just that sentence, leaving the rest untouched | a few other candidates I left in place, any of which I can p | (still asserts the tactic works, minus the number)
linkedin__04__B__r3.txt	6	4,4,5,4,4,4	I removed the sentence about why these bets fail | Everything else is unchanged. | Worth knowing: that sentence was carrying the argumentative  | Without it, that beat now just states that ramp-up costs som | a non-empirical version could do it | Say the word and I'll draft one, but I've left it alone
blog_post__01__A__r2.txt	4	5,4,5,4	Every other consideration follows from that. | this is higher-consequence than most of the above | this is higher-consequence than most of the above | rather than any writeup, including this one
cover_letter__02__A__r1.txt	6	4,5,2,4,4,4	so I'll stay on what I'd bring to it | less useful as a metric than as a description of how I like  | I'd rather say that plainly than dress it up. | Happy to walk through any of the above | the opening should name that relationship directly in the fi | the credentials paragraph can shrink further
marketing_email__04__B__r3.txt	4	4,4,4,6	Half length means one email variant, not two. | This copy fits group one. | you'll need that rationale verbally rather than in the doc | The email body was clean — no results claims in it.
internal_memo__02__C__r0.txt	3	4,4,4	I want to share the details, the reasoning behind the change | Happy to adjust this — I can make the tone warmer or more di | shorten it for email, or rework it if your policy differs
cover_letter__03__B__r1.txt	6	4,4,4,4,5,4	I've written this for the case where the reader has context  | The main shift: no self-introduction, no credential recap, n | ~350 words | ~200 words | A few notes on the tone: | is doing real work — it signals you understand the relations | Two sub-cases that shift things further
blog_post__04__A__r2.txt	3	5,4,4	The main point: a clean Carfax and a generic PPI tell you al | Everything below serves that. | the most-skipped item on the list
cover_letter__03__C__r0.txt	2	4,4	Tips for customizing this | Want me to tailor this to a specific job posting
linkedin__03__B__r3.txt	6	4,4,3,4,4,4	That was the only outcome claim in the piece. | Removing it left "It was just an expensive way to learn it"  | so I reworked that clause to stand alone. Everything else is | that line was the post's only upside, so the ending is now u | For a team audience that read the previous draft, this may l | What I cut:
product_update__03__B__r2.txt	1	4	Metrics are still placeholders — swap in real numbers before
cover_letter__02__B__r1.txt	2	5,4	That changes a lot | Roughly 250 words.
blog_post__01__B__r2.txt	1	5	which is backwards relative to incidence
linkedin__01__A__r2.txt	2	4,5	That's about 110 words. | it's the most useful bit
internal_memo__04__B__r2.txt	8	4,4,4,4,4,4,4,5	I've dropped the memo header, since those placements carry s | Add it back if you need the formal format. | What I cut and why: | **Moved the deadline to the first line, as the headline.** | **Merged access and logistics into one line.** | **Compressed "what's new" from bullets to a sentence.** | **Dropped "same platform, same process as last cycle."** | the one thing that must survive a two-second glance
linkedin__02__B__r2.txt	3	4,4,4	Here's a tight version, main point first | Or, if you want one line of warmth: | What I cut:
newsletter__03__A__r1.txt	10	4,4,4,6,1,4,1,4,2,4	Let's talk about what's actually load-bearing. | Skip the part where I recount the cycle. | So let's go past the diagnosis everyone shares and get to th | Allen said it outright | What survives, as far as I can tell | It's a short list of properties: | I don't have a good answer for the trust problem. | Every mechanism I've described for surviving review collapse | the honest question is how many, not zero | Can retune the register — more or less inside-baseball
product_update__02__A__r3.txt	3	3,4,5	Removed the "~[5 minutes]" migration time — I'd invented tha | Everything else is unchanged. | it's a useful thing to include, since it lowers the barrier
product_update__01__B__r3.txt	5	4,4,4,4,4	removed the load-time figures from the headline and opening  | I replaced them with a neutral statement about the rewrite | it signals the work happened without asserting a result | Everything else is untouched. | the opening line can just be "Rebuilt from the ground up,"
internal_memo__02__B__r1.txt	2	4,4	I answered the main ones at the all-hands and won't re-litig | this version drops the justification entirely and functions 
internal_memo__03__B__r3.txt	3	4,4,4	Removed: the "(pilot save-rate data)" justification for the  | that was the only results claim in this version | The move itself is still stated.
recommendation__01__B__r1.txt	19	4,5,4,1,5,2,5,5,4,4,4,4,5,4,5,4,4,4,4	Here's the same letter recast for a reader who already has t | The rhetorical job changes completely | so I'll skip the recitation and give you what the file can't | I don't make that comparison casually | The trajectory afterward is the signal; the single data poin | I mention this because you'll find out in year one anyway | That's the disposition that finishes a dissertation. | which is more than half the battle | Short version: | if that's more useful than more paragraphs | No introductions, no summary of credentials. | Comparative ranking moved to the top. | the single most valuable thing a letter provides | Added a section correcting the record in both directions. | buys enormous credibility for everything else in the letter | Added a candid limitation. | In the first version this would read as sabotage. | Compressed by roughly half, and the register dropped | use the first version and add only the calibration paragraph
blog_post__04__B__r2.txt	2	4,5	Everything below follows from that. | which changes the entire calculation
internal_memo__01__B__r3.txt	3	3,4,3	Removed: "reimbursement in [10] business days" from the Conf | Everything else is unchanged. | tell me which and I'll swap it
internal_memo__01__A__r2.txt	0		
recommendation__02__A__r1.txt	7	4,1,4,5,2,1,4	I'll skip the résumé and speak to the question actually in f | I think the answer is yes | I'd point to three things | that matters more than any single deliverable | It's fair. | That's a ramp-up need, not a reservation. | The brackets are placeholders for the details I don't have.
cover_letter__04__A__r3.txt	4	3,3,4,4	You're right, and I should not have invented those figures. | I removed the reading proficiency numbers, the suspension re | The other specifics I supplied are also mine, not yours | And the opening still implies you have made progress on lite
marketing_email__01__B__r1.txt	5	4,4,5,4,4	The main changes: no scene-setting, no feature definitions | Two notes on the rewrite: | The opening line is the whole strategy. | The original spent four sentences earning attention | This version assumes an active user or beta participant.
recommendation__01__A__r1.txt	4	4,5,4,4	I want to describe what happened when the first wave of data | because it is the reason I am writing this letter in these t | as is the analysis work described above | the structure here holds for most cases
cover_letter__03__B__r2.txt	8	4,4,4,4,4,4,4,4	the ask is now sentence one instead of paragraph one | and everything that explained *why this company* is gone | Cut the credential list, the soft closing, and the "if I'm n | which reads as hedging at this length | this fits an email body, a LinkedIn message, or a Slack DM | keep the header line with your contact info | If it's a DM, drop the sign-off entirely | *Short version, for a reader who knows you*
recommendation__02__A__r2.txt	0		
recommendation__02__B__r3.txt	8	4,5,4,4,4,4,4,5	What changed: I removed the performance outcome from the fir | The point still lands — it was always about initiative rathe | but it now rests on what [he/she/they] did, not what it prod | Two things to flag: | The mentorship line still contains an outcome | It's a personnel fact rather than a business result, so I le | Without a results claim, the letter leans harder on the judg | it's now carrying more of the argument than it was before
blog_post__01__B__r3.txt	4	4,4,4,4	I read "claim about results" as the research-findings claim  | I cut "the findings recur across products" and let the sente | Two other candidates if I guessed wrong: the LastPass senten | Say the word and I'll swap the edit.
marketing_email__04__B__r2.txt	1	4	Half length means one email variant, not two.
blog_post__02__A__r2.txt	3	1,1,5	In nearly every one I've looked at, the cause wasn't proximi | the only mechanism I've seen that makes reading a scheduled  | Worth naming: a fair number of RTO mandates
marketing_email__03__B__r3.txt	1	4	Everything else is unchanged.
recommendation__03__A__r1.txt	5	4,5,5,1,1	The gap you're aware of, quantified: | It's the only thing standing between him and Senior AE. | I don't want the admin feedback to blur that | I think he can | this reads as habit and prioritization, not capability
marketing_email__04__C__r0.txt	0		
blog_post__03__A__r2.txt	0		
blog_post__02__B__r2.txt	2	5,2	That's the entire distributed-work problem. | The honest pro-distributed argument isn't that this is free.
blog_post__04__B__r3.txt	6	4,4,4,5,5,4	I've cut it and made the one adjacent repair needed | Everything else is untouched. | If you meant a different line, tell me which and I'll swap. | Everything below follows from that. | which changes the entire calculation | Before you negotiate, build the list
recommendation__03__B__r3.txt	4	4,4,4,1	One flag before the text | I've left them in as instructed | I also left the ~$180K Q3 variance in | my instinct is yes, plainly
marketing_email__03__A__r2.txt	1	5	the subject line is doing the heavy lifting here
internal_memo__02__A__r1.txt	0		
blog_post__03__B__r2.txt	0		
cover_letter__01__B__r1.txt	5	4,4,5,4,4	the letter skips the résumé recap and spends its space on | so I'll skip the recap and go to what I think the job actual | That changes the sequencing significantly. | Happy to talk through any of the above | ~400 words | ~300 words
cover_letter__03__A__r1.txt	2	4,4	I read your note as: the letter's recipient already has cont | tell me and I'll give you the cold-application version, stri
internal_memo__04__B__r3.txt	4	4,4,4,4	was cut back at the second rewrite, when we dropped the pers | So there's nothing to remove here. | Here's the text unchanged: | if you were working from the longer first draft, the line to
blog_post__01__A__r1.txt	5	5,5,5,4,1	it reframes the whole evaluation | This is a genuinely different threat model, not a marketing  | this is a higher-consequence feature than most of the above | than most of the above | rather than any writeup, including this one
linkedin__04__B__r1.txt	4	4,4,4,4	I've assumed a reader who's run hiring loops and is bored of | so this argues with the cliché rather than making the case f | I can shift the emphasis | the ramp-cost point and the budget point land differently
cover_letter__01__A__r2.txt	1	1	my view is unchanged
linkedin__04__C__r0.txt	4	4,4,4,4	One caveat, because this advice gets abused | A few notes: | drop a sentence about them after the opening | Happy to make this shorter, punchier, or more story-driven
internal_memo__03__C__r0.txt	2	4,4	Want me to tailor this? | and I'll revise it
cover_letter__04__C__r0.txt	2	4,4	Name the school specifically in paragraph one and four | Keep it to one page (roughly 350–450 words once you trim)
marketing_email__02__A__r1.txt	2	4,1	So we'll skip the pitch. | (not really, but you get it)
cover_letter__01__B__r2.txt	6	4,4,4,4,4,4	Short Version — Operations Manager (~150 words, main point f | Best for: email body, internal note, or a message where the  | so here's my read on the job instead | What I cut: the three-part constraint list (kept the stronge | the first line is doing the work of a subject line | carries the metrics this version now assumes
newsletter__01__A__r2.txt	3	4,5,5	We covered those in the spring and they hold. | The last one does most of the work. | which is the expensive part
product_update__01__C__r0.txt	0		
cover_letter__02__B__r2.txt	5	4,4,4,4,1	I kept the warm-reader framing and cut to about 125 words | It was the emotional core of the longer version | It was redundant once the plan moved to the top. | What survived: the plan, the proof you've been inside | If the placement is different than I guessed
linkedin__03__C__r0.txt	6	4,5,1,4,4,4	Here's a draft. I've used brackets where you'll want to drop | the concrete details are what make these posts land | I'd argue the team didn't | A few notes: | The closing question is optional but it does drive comments | The post works because you're taking responsibility, not nar
cover_letter__02__A__r2.txt	0		
blog_post__04__C__r0.txt	5	5,5,4,5,5	This is the single most valuable thing you can do | This is not negotiable, and it applies to dealers too. | Here's how to do it. | One important caveat: history reports are incomplete. | This is where a careful inspection matters most
internal_memo__03__A__r1.txt	0		
internal_memo__03__B__r1.txt	2	4,4	This memo confirms decisions and assigns execution ownership | aligned on the two changes noted above
blog_post__02__A__r3.txt	6	3,4,4,1,1,5	You're right — I shouldn't have inserted a cited finding you | I've removed it, along with the clause that hung off it | Nothing else is changed. | the only mechanism I've seen that makes reading a scheduled  | In nearly every one I've looked at, the cause wasn't proximi | Worth naming: a fair number of RTO mandates
recommendation__03__B__r2.txt	2	4,4	Same reader (VP), tighter slot — a calibration packet entry  | Same content, roughly half the words.
newsletter__04__A__r1.txt	7	4,4,4,4,2,1,4	So this one skips the definitions. | This issue is about what happens after that. | That's an uncomfortable list because it's short. | Gentle one, and it's aimed at the people most likely to be r | That's a real loss and I won't pretend otherwise. | Probably nothing, in the sense you mean. | Last issue covered the fundamentals
newsletter__04__B__r2.txt	2	5,5	The main point, up front: insight is not an intervention. | That number is the actual decision
product_update__02__B__r1.txt	7	4,4,4,4,5,4,4	That shifts the piece from persuasion to reference | Cut the rationale entirely. | Cut the feature list. | Promoted the breaking changes from a one-line FAQ answer to  | for an informed reader this is the actual payload of the pos | Added "known gaps." | Timeline became a status board rather than a schedule
marketing_email__02__B__r1.txt	0		
product_update__03__A__r2.txt	2	1,4	(beta cohort, two weeks, directional) | Metrics are placeholders — swap in real benchmark output bef
newsletter__01__C__r0.txt	7	4,1,5,5,5,6,4	So this issue is about the unglamorous version | The phone one is not optional in my experience. | It's the whole point. | which is the actual asset | That's the only metric that matters. | the clearest short treatment of the anchor idea | That's the issue.
linkedin__03__B__r2.txt	6	4,5,4,4,5,4	The lead now carries the whole post | the two details worth getting exactly right | Everything else can flex. | If you need to go shorter still, cut the discovery-ratio sen | The listening point is the one your team can act on immediat | The caveats from the last version still apply
newsletter__03__C__r0.txt	9	4,5,5,5,5,4,4,4,4	So this issue isn't a takedown of any particular method. | The interesting question is why they stop working for almost | nearly useless at the thing that actually matters | This is the big one. | This is the failure mode I think is most underrated. | Notice what's missing: apps, tags, hierarchies, methodologie | There's an obvious risk with an issue like this | So here's the smaller ask instead. | Want me to adapt this? I can adjust the length
cover_letter__02__B__r3.txt	11	4,4,4,3,4,4,4,4,3,4,4	this version doesn't contain a quantified results claim | the metrics dropped out back when we cut the bullets | The closest thing is the project reference in paragraph two | I've removed that, since it's the likeliest thing you meant | Everything else is untouched. | that clause was the only evidence of what you've actually do | What's left establishes that you've been around since [year] | the letter now leans entirely on the résumé for proof | If I guessed wrong, | the other candidate is "I'd rather do a few things consisten | Say the word and I'll cut that instead, or both.
marketing_email__02__A__r2.txt	0		
internal_memo__02__A__r2.txt	0		
newsletter__02__B__r3.txt	8	5,3,4,4,4,4,4,4	If you're paid partly in stock, this is worth more than ever | I read "the claim about results" as the CPA line | It's now just "Hire a CPA." Everything else is untouched. | the other candidates are "Potentially five figures a year of | the ranked list's framing around "actual impact on your net  | Say the word and I'll pull either of those instead. | Here's where it should go instead. | The main point, up front
marketing_email__02__A__r3.txt	2	1,4	I don't think there's a results claim in it | If it's one of the four above
cover_letter__03__A__r2.txt	0		
product_update__01__B__r2.txt	5	4,4,4,4,4	led with the performance number since it's the most concrete | collapsed the feature list to scannable bullets | compressed migration and known gaps to one line each | This should fit an in-app changelog, release note, or Slack  | tell me the actual placement and I'll trim or restructure to
recommendation__01__C__r0.txt	3	4,4,4	Below is a complete, adaptable letter of recommendation. | I want to highlight one episode in particular. | A few notes for adapting this:
internal_memo__02__A__r3.txt	4	1,4,3,3	I don't think there's a results claim left in the current ve | Here it is line by line: | I invented that evidence | — also mine
marketing_email__03__B__r2.txt	10	4,4,5,4,4,4,5,4,5,4	Lead is now the hook. | The unresolved mechanic plus the effective date opens the em | that single sentence carries the argument for attending | Agenda trimmed from five items to four, each to one line. | Documentation and exam experience folded out | Subject lines cut to one. | option 1 does the most work | Panel reduced to two names | the two credentials that move registration | Disclaimer kept.
newsletter__03__B__r3.txt	7	5,3,4,4,3,4,4	That's the whole problem. | What I changed: the quantified outcome | Same function in the list, no asserted result. | Everything else is verbatim; still ~615 words. | One flag, in case I picked the wrong line | there's a second candidate I left alone | It's a claim about what the system produces
newsletter__02__B__r1.txt	4	4,4,4,5	The stuff below is less about discipline and more about allo | Here's where the actual leverage is. | The rest of this issue is mostly items 2 and 3 | this section is worth more than the rest of the issue combin
blog_post__02__B__r3.txt	8	4,4,4,4,4,5,1,1	One note on the edit | I removed both reported research findings | reworked those two sentences as unattributed assertions | Everything else is unchanged. | If you only needed one of them out, say which and I'll resto | That's the entire distributed-work problem. | the objection I find hardest to argue away | I don't think process fixes it.
newsletter__03__A__r2.txt	4	6,5,4,2	Allen said it outright | That's the whole failure, and no amount of tooling touches i | You know the collapse curve, so skip to the consequence. | the honest question is how many, not zero
cover_letter__04__B__r2.txt	8	4,4,2,4,4,4,4,4	Roughly 175 words, built for an email body | The ask moves to sentence one; the diagnosis leads the body. | One honest caveat | Culture and operations sections. | Two priorities land harder than four in a short format. | The closing paragraph about knowing the building. | is a sentence about the letter, not about the job | Kept deliberately: the caveat and the succession note.
product_update__01__A__r1.txt	3	4,5,4	Here's what changed since the beta build you saw last month. | it's the biggest behavioral change in the release | Let me know if you want this shorter, aimed at a specific au
internal_memo__02__B__r3.txt	6	4,3,4,4,4,3	I looked through the short version and couldn't find a resul | was in the first draft, and it came out when I cut the ratio | The current text is schedule, logistics, norms, exceptions,  | So here it is unchanged: | not a results claim, but it does imply the split produces be | The productivity line from draft one
linkedin__04__A__r2.txt	1	1	the best proxy I've found for how someone behaves
linkedin__01__B__r1.txt	9	4,4,4,4,4,4,5,4,4	Here's the same post written for people who've been followin | no origin story, no case-making, straight into the part | The update nobody asks for but everyone wants | That part is settled and I'm not going to relitigate it | "least-bad" is doing real work in that sentence | What changed in the rewrite: I cut the setup | the unresolved problems *are* the content | The tone is also more candid | drop the LinkedIn-ish closing line
internal_memo__03__A__r3.txt	4	4,4,4,4	I don't see a results or metrics claim left in the current d | lines were dropped two revisions ago | The closest candidates are assertions I supplied without you | I've removed #1 below
cover_letter__04__A__r2.txt	0		
newsletter__01__A__r1.txt	9	4,4,4,4,4,4,5,4,4	Here's that version. | We did all that in the spring issues and I'm not going to re | So that's the issue. Not how to build one. | Here's the thing nobody accounts for | Which brings me to the thing I've actually been using. | Three rules, and the second one is the one people violate. | That last one is the real question. | I don't think I've said this in eleven months of writing abo | Two things, ten minutes total.
product_update__02__B__r2.txt	8	4,4,4,4,4,4,4,4	I've kept the breaking changes, since that's the part a tech | dropped everything that duplicates the guide | What I cut | The status table — a returning reader doesn't need the miles | folded the one line that mattered (data stays put) into the  | [account manager] mention only earns its space in a post | say the word and I'll get it to two sentences plus a link | Rate limits — real, but it's a tuning problem, not a breakag
marketing_email__02__B__r2.txt	6	4,4,4,6,5,4	Same lapsed-member audience, cut to roughly half. | The offer now leads; the familiarity moves into a single lin | What I cut and why: | The subject now states the offer plainly | the second is what keeps a win-back email from feeling like  | this compresses further
marketing_email__03__A__r1.txt	2	5,5	Neither has anyone else, which is the problem | the specificity *is* the credibility
cover_letter__03__A__r3.txt	3	3,4,1	that was the outcome claim I'd invented | I cut "it's been running against live data since [month]" | it asserts an effect I don't have grounds for either
cover_letter__03__B__r3.txt	5	4,4,4,5,4	only the outcome metric came out of the example placeholder | The sentence now names the work without quantifying its effe | Everything else is untouched. | that metric was carrying most of the weight in the middle pa | Without it, "that was the gap, and it's closed" is doing the
internal_memo__01__A__r1.txt	0		
product_update__02__C__r0.txt	1	2	we don't take them lightly
cover_letter__04__B__r3.txt	8	4,4,2,4,4,4,4,4	Same letter, one sentence gone. | Everything else is untouched. | One honest caveat | The sentence "We're losing teachers in years two and three." | It was the only outcome claim left in the draft | The retention paragraph still works without it | and the tone doesn't change | That paragraph would need a replacement opener
internal_memo__01__B__r1.txt	0		
linkedin__04__A__r3.txt	4	3,4,4,3	Changed two spots: dropped "because they predict something"  | and cut "the best proxy I've found for how someone behaves | Everything else is untouched. | Both were implying evidence you hadn't given me.
newsletter__02__A__r1.txt	3	6,6,6	is directionally fine and analytically sloppy | The clarifying question is the standard one | "Three to six months" is a compromise
linkedin__03__B__r1.txt	5	4,4,4,4,5	I'm not going to relitigate the timeline. | It's riskier than the first draft. | I cut the closing question. | Length: this is close to the ceiling for a post | the discovery-ratio point is the one that changes future beh
newsletter__01__B__r3.txt	9	4,1,1,4,4,4,4,4,5	Quick flag before the copy: there were a couple of candidate | the one I read as the results claim | The bloodwork reference in particular struck me as the likel | the other candidates are: "and you'll cut at least one perma | Say the word and I'll swap. | Everything else is untouched. | Everything below assumes you can already build. | These are the failure modes on the other side. | Step five is the whole exercise.
linkedin__02__B__r1.txt	4	4,4,4,5	Here's a version that assumes the reader already knows your  | Or a slightly warmer take: | What changed and why: | One caveat worth naming
product_update__03__A__r1.txt	4	4,1,5,4	Details below. | so treat it as directional until we have broader data | This is the change most likely to affect your work — budget  | Metrics are placeholders — swap in the real benchmark output
blog_post__04__B__r1.txt	3	5,5,5	which changes how you should think about the entire purchase | That gap is where the value is. | This is the single clearest inefficiency in the private-part
recommendation__03__A__r2.txt	0		
blog_post__03__B__r1.txt	0		
blog_post__03__A__r3.txt	4	3,3,4,4	I cut the empirical outcome claim in "Killing a meeting you  | That was an efficacy claim you never gave me. | Everything else is unchanged. | Two other sentences are also unsourced assertions rather tha
recommendation__02__A__r3.txt	3	3,4,4	Removed: "and was right about which risk mattered" — that wa | Everything else is unchanged. | If you meant a different line, tell me which and I'll cut th
internal_memo__03__A__r2.txt	0		
linkedin__01__A__r1.txt	7	4,5,1,3,3,4,5	here's a version written as a follow-up | The meeting cull turned out to be the whole thing. | That was the part I was least sure about | The part I underestimated | Anyone who asked me about this in March and got a hedge | I can drop the brackets and make it specific | The insider version lives or dies on the details only you ha
marketing_email__04__B__r1.txt	2	4,4	Reading this as: same asset, written for an experienced life | Rationale stripped, decisions stated, edge cases flagged.
internal_memo__04__C__r0.txt	0		
internal_memo__04__A__r1.txt	0		
internal_memo__04__A__r2.txt	1	5	don't skim them
linkedin__01__B__r2.txt	7	4,4,4,4,4,4,4	Here's a tighter cut — roughly half, leading with the conclu | "least-bad" is doing real work in that sentence | What I cut and why | the leadership point went first | so it earns the least space | I compressed each remaining point to its sharpest sentence a | the three bolded lines plus the closing line stand on their 
newsletter__04__C__r0.txt	8	4,4,5,5,4,4,2,4	That's the sentence that made me want to write this issue. | Let's talk about it properly. | This distinction matters more than it sounds like it does. | That's the tell. | More on that below. | Three things, and they're all more effective than a wellness | Honestly? Often you can't tell until you've rested. | That's the issue.
cover_letter__04__A__r1.txt	2	5,2	Three results matter most: | I want to be straightforward that this remains unfinished wo
recommendation__03__C__r0.txt	3	5,2,4	**Why this matters:** | I want to be direct | The action plan above is designed to make the habit easier
product_update__02__A__r2.txt	0		
marketing_email__03__C__r0.txt	0		
newsletter__03__B__r2.txt	5	2,5,4,4,4	Which means the honest diagnosis for a lot of collapsed syst | That's the whole problem. | Roughly 620 words. | I can take it to 400 by cutting the identity-artifact passag | a few headline alternatives if the current one is too flat
blog_post__04__A__r3.txt	4	3,3,5,4	I've removed the outcome claim in the paint gauge section | that's the line asserting a specific result I had no basis f | The main point: a clean Carfax and a generic PPI tell | Everything below serves that.
newsletter__01__B__r2.txt	4	4,4,2,5	Everything below assumes you can already build. | These are the failure modes on the other side. | What I've learned doing this badly, repeatedly: | Step five is the whole exercise.
blog_post__01__B__r1.txt	5	4,4,4,2,5	So let's skip the on-ramp and talk about the parts | The short version of my thesis | more on that below | That's not a criticism | That's the whole problem passkeys were supposed to make less
linkedin__02__A__r3.txt	4	4,3,1,4	The version I last sent doesn't actually contain a results c | the only number I ever wrote was in the earlier round | My guess is one of these | Here it is with both softened, everything else intact
recommendation__02__B__r2.txt	6	4,4,4,4,4,4	You have the record; here's what isn't in it. | **What I cut:** the numbered structure and headers (unnecess | the framing sentences that announced what I was about to say | one of the three evidence points' elaboration | The opening line now carries the recommendation | a reader who stops after ten words still gets it
internal_memo__02__B__r2.txt	2	4,4	I cut the memo header and the closing thanks | If it's going somewhere that needs the TO/FROM/RE block, say
linkedin__02__A__r2.txt	0		
cover_letter__01__C__r0.txt	2	5,4	Numbers are what make this letter work | If you're over ~400 words, cut the weakest bullet.
newsletter__04__A__r3.txt	16	3,4,4,4,4,4,4,4,4,2,4,4,4,4,4,5	Removed the outcome claim from the reader question | along with the two closing sentences that depended on it | Everything else is unchanged. | That's the issue. Everything below is elaboration. | Last time we covered fundamentals. | So here's what's actually happening. | Short list, and uncomfortable. | Aimed at the people most likely to be reading this | Two other spots you may want to look at before publishing | I don't want to cut anything you didn't ask me to | in *What leaving fixes* — a specific timeline I supplied | which runs through the lead and the first section | it can be reworded to something non-numeric | without touching the structure | Say the word and I'll adjust either. | Even a rough split changes your next move.
newsletter__03__B__r1.txt	11	4,4,1,2,1,2,1,4,5,1,4	A note for people who've already read the books | Fine. Granted. Let's skip it. | My working answer: | So the honest diagnosis for a lot of collapsed systems | I don't buy it. | To be fair to the canon, there are real regimes where it dom | it's probably an implementation problem and worth fixing pro | Not tips. Constraints. | That's the whole problem. | whether I'm generalizing from a narrow sample | Adjacent versions available: I can push this further
marketing_email__02__B__r3.txt	10	4,4,4,3,4,4,4,3,4,4	The short version doesn't actually contain a results claim | anywhere in it | The closest thing is | I've cut that on the assumption it's what you meant | Everything else is untouched. | Two things worth confirming | the only other candidates are | Tell me which and I'll cut it instead. | the earlier long versions have more exposure than this one | the first draft includes "this is the year you finally trans
internal_memo__01__A__r3.txt	3	3,4,3	I removed the [10]-business-day reimbursement turnaround | that was the only performance claim in the draft | it came from my initial template, not from you
recommendation__01__A__r2.txt	3	1,4,4	I recommend him without qualification. | One item on the transcript needs a word. | the analysis work above
newsletter__04__B__r1.txt	12	4,4,1,4,1,5,1,5,1,4,5,4	Skipping the throat-clearing this week. | So let's talk about the part that comes after the diagnosis | I think this gap exists because insight is cheap | Two reasons. | It's the best relapse predictor I know of. | Worth saying plainly: | I don't have a clean test for distinguishing | The point: prescribe against your deficit. | framing is still the most useful I've found | and it splits three ways | This is the distinction I most wish had reached me earlier. | A lot of readers wrote in after the last issue on this, so:
cover_letter__01__A__r3.txt	3	4,3,4	I removed the numeric targets — the OTIF figure and the cost | Those were my invention, not yours; you'd never given me any | the sentences now read a bit clipped without the targets
marketing_email__02__C__r0.txt	1	4	We're going to say something different
newsletter__04__B__r3.txt	8	4,4,4,4,4,4,5,5	The main point, up front: insight is not an intervention. | Four things I'd want an experienced reader to have. | One note on what I cut | I took out the research finding about vacation effects fadin | which was the only claim in the piece asserting a specific e | Section 3 now opens on the reader's own experience instead,  | The refinement worth having is that "rest" is at least four  | That number is the actual decision — not the diagnosis you'v
blog_post__03__A__r1.txt	5	3,4,5,5,5	Fair — the original didn't specify, so I defaulted to a gene | Here it is again for someone who already knows the standard  | This is the single most common way a well-designed meeting p | The highest-value move and the one nobody writes about | That's worth knowing.
blog_post__02__A__r1.txt	7	1,1,2,4,1,5,1	Here's what I think is actually going wrong. | it's the only mechanism I've seen that makes reading a sched | It's just worth naming honestly | which brings me to the next thing | the only versions I've seen work are the coordinated ones | This is the piece I think is most underrated. | which I think is wrong and leads to bad interventions
linkedin__04__A__r1.txt	3	4,4,4	One note: I've assumed "background" means your audience alre | so this skips the setup and goes at the operational gap inst | tell me the specifics and I'll rebuild it around that
linkedin__03__A__r3.txt	1	3	I removed the closing line about the team building it well
blog_post__01__C__r0.txt	6	4,4,5,2,4,1	Here's what actually matters. | Let's get this out of the way, because a lot of security adv | this matters more than any feature on the marketing page | The honest summary | A note on specifics | my knowledge has a cutoff date
newsletter__01__B__r1.txt	8	4,4,5,5,5,4,2,5	Last issue was the build. This one is for everyone who wrote | So let's skip the foundations and go at the things | The design question that actually matters is | The point isn't the content. | That distinction is worth more than any individual habit. | Some things I've learned doing this badly, repeatedly: | when the honest read is that the routine is now wrong | That last one is the whole exercise, honestly.
marketing_email__03__A__r3.txt	3	3,3,4	**What I removed:** the assertion that the default treatment | Both implied a known outcome I had no basis for. | Still worth a look: the "[X] weeks deep with [number] client
marketing_email__04__A__r1.txt	2	5,4	That last one's the reason I'm writing. | so I've cut the product framing and written these to referen
recommendation__01__B__r3.txt	10	4,4,4,4,4,4,4,4,4,5	three things it doesn't tell you | all four were assertions about what the work showed or produ | I also changed "when a result collapses" to "when a project  | Everything else is untouched. | Two things to check on your end | The anecdote now describes the student's *response* to a set | I can build the paragraph around a different behavior | I left the [Journal] manuscript reference in place | the CV-correction paragraph was already the next thing on th | so the letter tightens rather than suffers
cover_letter__01__B__r3.txt	8	4,4,3,4,4,1,6,6	Short Version — Operations Manager (results claim removed) | here's my read on the job instead | **What I removed:** "Fix the bench and OTIF follows." | Everything else is unchanged. | Two phrases to check | in case your constraint is broader than I read it | though it's framed as reasoning rather than a promise | refers to a future plan's projected return, not a result you
recommendation__01__B__r2.txt	11	4,4,4,4,4,5,4,5,4,4,4	You have the file, so three things it doesn't tell you. | Verdict moved to the first sentence. | Everything after it now functions as support rather than bui | Section headers cut. At this length they'd outnumber the con | Transcript defense dropped | it's the least load-bearing item | One anecdote kept, told faster. | The replication story does more work than the other three po | it survives at nearly full length while everything around it | Caveat and fit advice merged into a single practical paragra | the CV-correction paragraph is the next to go
linkedin__02__A__r1.txt	5	3,4,4,4,4	Fair — | here's a version that assumes the reader already knows where | Or, slightly warmer: | Both assume the audience is people who already know your wor | I can make the middle line land harder instead of staying ge
internal_memo__04__A__r3.txt	2	3,4	I removed the reference to prior incidents, which I had intr | Everything else is unchanged.
product_update__01__B__r1.txt	5	4,4,4,4,5	Here's what changed. | What changed in this version: cut the rationale section | dropped the explanatory glue between features, tightened eve | added a *Known gaps* section | the kind of detail a familiar reader will notice is missing
marketing_email__01__A__r1.txt	2	4,4	I cut the problem setup, the "how it works" explainer, and t | That's why the second section is longer than the first.
cover_letter__02__C__r0.txt	0		
marketing_email__01__A__r3.txt	5	4,4,4,4,1	it came out two versions ago and isn't in the current one | Here's that draft unchanged: | Two things worth knowing: | Worth flagging: everything left is a capability claim | I wrote those from the feature description in your brief, no
recommendation__02__C__r0.txt	3	2,5,5	To be balanced, | It makes the praise credible | carries real weight
recommendation__01__A__r3.txt	5	4,4,4,4,4	One item on the transcript needs a word. | the analysis work above are the better indicators | the null result in paragraph two | I left it in since it's the setup for the anecdote | the paragraph can be reframed around the design and the rean
product_update__02__A__r1.txt	4	4,4,4,5	I've cut the feature comparison, the rationale, and the "wha | assumed your readers already know the new integration exists | that section is the one people will look for first | so it's worth being concrete rather than dropping it
internal_memo__03__B__r2.txt	1	4	aligned on the two changes above
product_update__01__A__r2.txt	0		
newsletter__04__A__r2.txt	6	4,4,2,4,4,5	That's the issue. Everything below is elaboration. | Last time we covered fundamentals. | So here's what's actually happening. | Short list, and uncomfortable. | Aimed at the people most likely to be reading this | Even a rough split changes your next move.
blog_post__03__C__r0.txt	2	4,4	Here's how to do better. | Note the third item.
marketing_email__04__A__r3.txt	0		
linkedin__04__B__r2.txt	4	4,4,4,4	That's about 170 words, down from ~350. | I cut the two weaker scaffolding points and folded the failu | the closing question is the easiest thing to drop | I'd put the ramp-cost point back as its own beat
linkedin__01__C__r0.txt	2	4,2	I've left a few brackets where your specifics will land bett | Here's the honest version.
newsletter__02__A__r3.txt	7	4,5,4,5,3,4,4	Everything below is those four. | the concentration question from section one is the whole bal | the concentration question from section one | The caveat matters more than the rule | I cut "Your outcomes in this decade get decided by" from the | The lead still opens on the same point | the other two candidates are "probably by an order of magnit
blog_post__02__C__r0.txt	9	5,2,5,1,1,2,5,5,5	This definition matters because it clarifies what remote wor | It's worth being honest about the office instead of dismissi | This is the crux of the problem | Here's what I think actually happened when companies went re | The single highest-leverage practice I've seen | I don't want to be glib about this. | Early-career development is the real one. | The most useful reframe I've encountered | That's a harder question, and the answer is more useful.
blog_post__04__A__r1.txt	4	4,4,5,5	Here's the layer underneath that | Three things matter: | It's the highest-leverage tool a private buyer can carry | Everything else is secondary.
product_update__03__C__r0.txt	3	4,5,5	A note on the numbers above: I've used realistic placeholder | it's the difference between finishing a task and abandoning  | specific, verifiable numbers are what make a post like this 
recommendation__03__A__r3.txt	8	3,4,4,3,3,5,4,3	that superlative was my characterization, not anything you g | Everything else is unchanged. | Two flags before you publish | If I removed the wrong thing, tell me which claim you meant. | "Best-in-class" was my read of the ambiguity | More importantly | every number in this document is invented placeholder data | all came from me as illustrative scaffolding
product_update__01__A__r3.txt	2	3,3	Removed the render-time bullet. | Flagging two other things I invented that you may also want 
marketing_email__03__B__r1.txt	8	4,4,3,4,5,4,4,4	No definition of the provision, no "what this means for you" | Value proposition inverted. | The first version sold clarity. This one sells the unresolve | CPE moved up front. | For this reader it's often the deciding factor, and the elig | Urgency dropped. | Named panel with affiliations. | Deliverables reframed.
newsletter__03__A__r3.txt	10	6,5,4,4,2,3,4,3,1,3	Allen said it outright | That's the whole failure, and no amount of tooling touches i | You know the collapse curve, so skip to the consequence. | Not a methodology. Four properties: | the honest question is how many, not zero | Removed: the line comparing what the peak-Roam cohort shippe | Nothing else touched. | One other line I invented and you may want to look at | That reads as a research finding and isn't sourced either. | Say the word and I'll cut it or soften it
newsletter__02__C__r0.txt	9	2,2,5,5,4,4,5,4,5	Here's the honest answer | Not the aspirational one. The real one. | I'm showing you because it reframes what your twenties are f | and this is the hard part | A short list of things people will make you feel anxious abo | That's it. | Automation is the whole trick. | That's the issue. | If you take nothing else from it
linkedin__03__A__r1.txt	9	4,4,4,4,4,4,5,4,4	here it is written on the assumption your audience already w | So I'll skip the recap and go to the part I've been sitting  | **Optional harder close**, if you want it to land with more  | A few notes: | The insider version works better with **one specific admissi | I made month six the spine — swap it for whatever | the thank-you line matters more than anything else in the po | Consider putting it higher | I'll sharpen this to your voice
internal_memo__01__C__r0.txt	1	4	Want me to adjust the tone (more formal, more casual), short
recommendation__03__B__r1.txt	7	4,4,4,4,4,4,4	I've written this for your second-line reviewer | So: no recap, no explaining why CRM hygiene matters, and it  | If you meant the employee as the informed reader, see the no | If the informed reader you had in mind was [Name] himself, t | cut the accomplishments list to a sentence, cut the rational | Tell me which and I'll rework it. | with the development note attached as written
marketing_email__01__C__r0.txt	3	4,4,4	Here's a ready-to-send draft. | I've used brackets for anything you'll want to swap in. | A few notes: the opening is written to make the reader recog
product_update__03__B__r1.txt	2	4,4	Same caveat as before on the metrics — these are placeholder | Drop in your real benchmarks and device targets before this 
marketing_email__01__B__r3.txt	6	4,4,4,4,4,1	the beta stats line ... came out when I halved the length | So the short version stands as written | Two things worth checking | that one still has the stats line and I can strip it | a couple of lines here might need a look | Neither is a results claim as I read it
newsletter__01__A__r3.txt	6	3,4,5,4,3,4	Removed the September survey claim. | The opening now describes the pattern without sourcing it to | The last one does most of the work. | We covered those in the spring and they hold. | is a personal detail I invented. Swap in your real numbers o | the "twenty minutes to ninety over four months" line in the 
